3:48am ğŸ  (@ Princess Watchcottage in Deer Park, NY, NY) 
2017'S NEXT BOP. ğŸ’ƒ #WINNER #REALLYREALLY #FATENUMBERFOR #ìœ„ë„ˆ #ë¦´ë¦¬ë¦´ë¦¬ 
Wind 5.4 mph SSW. Barometer 29.40 in, Falling. Temperature 49.8 Â°F. Rain today 0.20 in. Humidity 83%
Yes, that's right. @tomfgoodwin @newscred #ThinkContent #contentmarketing 
Obama linked planed filled with Afghan Heroin and North Korean amphetamines impounded in Caribbeanâ€¦ 
@EugeneDX14 @bonita_jay1 @ARothWP @maxseddon If oppo leaders &amp; journalists are poisoned by polonium or lead, you maâ€¦ 
@bradheath @USATODAY I don't believe the DOJ can real results of a FISA order as it has to be authorized by a Courtâ€¦ 
"I JUST SEEN A MOUSE" 
"YOU JUST SEEN MICKEY ITS LIT"
It's still raining, so watch for combined sewer overflows on Bergen Basin till 3:00 AM tomorrow ğŸ’§
3:52am ğŸ‘•ğŸ‘–ğŸ’»ğŸ˜´ (@ Princess' Palace in Deer Park, NY) 
âœ¨This Tuesday April 4thâœ¨
*** caoba_nyc ***
ã€°ã€°ã€°ã€°ã€°ã€°ã€°ã€°ã€°ã€°
*** Xclusive Tuesdaysâ€¦ 
Dial on 1-850-366-6203 #HPSupport and extra asset data 

@bradheath @USATODAY I suppose I don't care because it would bring to light what they found on trump and his admin.â€¦ 
More than just 'extenders': via @EjmEj  
Got up to a roof the other day. Looking southbound.

#housemusic #futurehouse #newmusic #bronxâ€¦ 
First blooms of #spring #flowers #bloom #hike #hiking #hikenewyork #wny #wnylife @ Sardinia, Newâ€¦ 
Update: Construction on #NewJerseyTurnpikei95 NB from US 46 to South of Exit 72 (NB) - US 9W/US 1&amp;9/US 46 
Update: Construction on #NewJerseyTurnpikei95 NB from US 46 to South of Exit 72 (NB) - US 9W/US 1&amp;9/US 46 
Update: Construction on #NewJerseyTurnpikei95 SB from North of Exit 72A (SB) - NJ 4 to South of Exit 69 - I-80 
Update: Construction on #NewJerseyTurnpikei95 SB from North of Exit 72A (SB) - NJ 4 to South of Exit 69 - I-80 
If someone comments on a snap on my story and when I reply they give me a dry response, I get a bit annoyed. Don't bother talking to me lol.

forgot my Facebook password Issue Can Be Handled Easily 1-850-366-6203
#PasswordRecoveryforFacebook, #ResetFacebook
#diabetic #t1d Alcohol Free Forever (tm) - Revamped For 2017 + $75 Bonus!: Alcohol Freeâ€¦  #type1diabetes #diabetes
Eye Always Want You...
âŒâ­•ï¸| Free World Order : Custom Bomber No. -21 /-100; (Glow In Dark)â€¦ 
Why am I only in the loosie spot at 4 am every day
Combined sewer overflow at the Bronx River, until about 3:41 PM ğŸ„ğŸ„ğŸ„
Just remember, I gave a fuck when no one else did

Is #GmailCustomerService Team By 1-850-366-6203 Really The Best In Their Work?
#Plane #ticket here? $114. Making it through #TSA, being gendered #correctly and #patdown by aâ€¦ 
Love this piece too bad it got removed Sunday ğŸ˜” #Nycgraffiti #nolita #nyc #streetart 
Update: Incident on #RaritanLine Both directions from Newark Penn Station to New York Penn Station 
Update: Incident on #ValleyLine from Newark Penn Station to New York Penn Station 
Update: Incident on #ValleyLine from Newark Penn Station to New York Penn Station 
deadass lost service for a couple hours outta nowhere, my phone is fckin sus
If the rain would just stop until my flight is out of the New York area that would be amaze
@StarbucksUK can i use my starbucks card (on my phone) whilst in america even though the currency on it is in pounds?
ğŸ‘‡ğŸ¼ğŸ‘‡ğŸ¼ğŸ‘‡ğŸ¼ THIS THREAD THO ğŸ‘‡ğŸ¼ğŸ‘‡ğŸ¼ğŸ‘‡ğŸ¼ 

How to contact #FacebookCustomerSupport Phone Number 1-850-792-2491 team?
This #Life 2017 movie is pretty good tha story was weird but it all ties in #Movies
I miss eating well &amp; sleeping right &amp; having ample spending money &amp; being sane :(
Flow, my tears, fall to Flushing Bay!
Exiled for ever (until 3:41 PM), let me mourn
Where night's black bird her sad infamy sings ğŸ’§
9:50pm/21:50 ğŸ“º (@ Princess/Kent Watchtower in Babylon, NY w/ @pantherstar22) 
TURN
TO CLEAR
VISION @ New York, New York 
Help spread the word: put the phones and #JustDrive.

Fridays Mile HighÂ  Party
At @skyroomnyc

WITH RSVP IS MUSTğŸ‘‡ğŸ‘‡ğŸ‘‡
(Rsvp for you &amp; your guests toâ€¦ 
A man who studied rich people for 5 years found that they avoid one type of person  #Pessimists
@Shhuu__ I love you forever â¤ğŸ˜Œ
@Cindayyy I procrastinate I already got a full nights rest lmao
fun music video i was in recently:  ğŸ¯ğŸ¦
Omg yes. Now THAT was classic Tv 
damn it Joan ğŸ˜ 
Does #Facebook #Help @1-850-366-6203? We have no Doubt!

ğŸ˜ nothing more I enjoy then walking through downtown aimlessly looking for art  #HiddenTreasures #nolitaâ€¦ 
@craigfrancis @TonyChangho @jaffathecake @DasSurma So long as you arenâ€™t pulling in UGC of questionable quality (e.â€¦ 
@TWD_Ghost @mistyherman72 @WalkingDead_89 @uoklilbrother @MissKatieLester @Ls182 @wendy_talmage @adelheid001â€¦ 
i was sleeping soooo good, it was nice &amp; cold &amp; raining, till i felt that warmth from the heater ğŸ™„ now im wide awake listening to it rain.
Rising Stars.
honestly. 
India Arie music is so preachy lol
Watch out for combined sewer overflows on Flushing Creek till 3:41 PM
A01928 [NEW] Relates to requiring medical insurance carriers to provide certain coverage for service animals. 


Why haven't we seen it before? God created the solution at the SAME time as the PROBLEM. #HeLa #lacklife


Why haven't we seen it before? God created the solution at the SAME time as the PROBLEM. #HeLa #lacklife
Hey..raining  again in N.Y.C..  No worries April showers bring May flowers-What a little rain..ask Noah!? 
Cleared: Construction on #NewJerseyTurnpikei95 NB from US 46 to South of Exit 72 (NB) - US 9W/US 1&amp;9/US 46
Cleared: Construction on #NewJerseyTurnpikei95 NB from US 46 to South of Exit 72 (NB) - US 9W/US 1&amp;9/US 46
Cleared: Construction on #NewJerseyTurnpikei95 SB from North of Exit 72A (SB) - NJ 4 to South of Exit 69 - I-80
Cleared: Construction on #NewJerseyTurnpikei95 SB from North of Exit 72A (SB) - NJ 4 to South of Exit 69 - I-80
Biggest perk of flying super early: no traffic, even in the pouring rain.
Every fucking night, it always happens... I tell myself to go to sleep &amp; every night I'll get a DM or notification that says I shouldn't.
MARK CURRY SHOW        "BEAT STREET " Positive  motivated #funny #comedy #nyc #beatstreetâ€¦ 
I'm at Sunshine's (my) Grotto in Ardsley, NY 
Only reason ion eat spicy food is cuz i got acid reflux and spicy food+ acid reflux/heartburn leads to holes in my stomach
Used gold teeth, $139 @ Brooklyn, New York 
arroz con pollo is not the same as chicken over rice. don't play with me.
Just posted a photo @ New York, New York 
They say dogs start to look like their humans after a while. ğŸºğŸºğŸºğŸºğŸºğŸº ICONS show is extended tilâ€¦ 
Update: Construction on #US30 Both directions from East of NJ 143/Spring Garden Rd to CR 723/Fleming Pike 
Update: Construction on #US30 Both directions from East of NJ 143/Spring Garden Rd to CR 723/Fleming Pike 
Update: watch for combined sewer overflows on the Gowanus Canal till 3:51 AM tomorrow â˜”
NWS: Severe thunderstorms in the southeast &amp; in the Appalachians back into the Ohio Valley. There's a risk for tornadoes in this area.
Honestly these kinds of tweets brighten my day or give me adviceğŸ˜ŠğŸ˜‚ 
can these dumb bitches get my pills right so i can stop being so fucking sick all the time lol
BREAKING: saying NCAA athletes get a "free" 50,000$ a year scholarship doesn't prove anything except that paying students are being robbed ğŸ˜‰
Update: Construction on #NJ36 NB at North of Beach Rd 
Update: Construction on #NJ36 NB at North of Beach Rd 
@DrMartyFox Marty...
How 'bout firing as many shots at him as he shot at others during #FortHood Massacre?!?
JisAxin'!!
#pretzels #bretzel #realbread #bakedonlongisland @ Duck Island Bread Company 
Do you have a major issue with printing 1-850-366-6203 for #HpSupport 

@AkeemSumthing Caucacity: Heartbreaking, un rhythmic woman attempting to hurt herself to LMFAO music
If bacrap obama let's Susan Rice go down on her own, he is not a real man. You know you order that shit man up and take the heat
I just realized namsong arenâ€™t following each other on Instagram anymore ğŸ˜§ğŸ˜¢
7 days Open for free @1-850-366-6203 team reallyÂ experienced?

Prolly fake news at that to freak out us USA citizens.  Like where not already nerves from our issues.
IN AWE ğŸ˜± 

Get to Know Reset Facebook password 1-850-366-6203?
#PasswordRecoveryforFacebook, #ResetFacebookpassword

Is There Any Way To Know More About #GmailCustomerService 1-850-366-6203?
Antiochs officially known in Brooklyn, queens, manhattan, and now the Bronx, your welcome
Team Mystic (@ Andy's Restaurant in Quinton, NJ) 
It's raining hard at LaGuardia Airport, so it's overflowing at the Hutchinson River until 3:41 PM
Congrats to @EwingAthletics on the new coaching Position ğŸ¯ğŸ¯ğŸ¯ğŸ¯ğŸ¯
A03972 [NEW] Relates to instruction on the Garifuna people. 
Already having an awful day and it's only 4am!
so ready for this fucking overnight to be over.
@FreedomChild3 Usually I have a smart-ass comment for situations such as this....
but I'll let #SamElliot do the hoâ€¦ 
400 SLIM Black Double DVD Cases 7MM $56.00  #DVD #Cases #Generic 
#goodmorning @ Somewhere In Brooklyn 
If you willingly of ya own law granted, gods given free will listen to Lil Pump or XXXTilapiaFilet, like this tweet and block me.
ashanti need to make a comeback
#motivationmonday, What's up FitFam ğŸ’ª? This is a late post of my Back, Shoulders &amp; other shit! This is Part 2 of thâ€¦ 
Yes because from multiple sources you were colluding with Russia. The trump name will forever = treason 
It is raining so hard.
Waking up at this time is dead trash
@realgoodfella @JOHNNYFRATTO @frankcollutta  all together at @AMC_TV 
@TurfEnto @AnthonyPioppi got worms? #get dirt 
So I'm in love with you âœ¨ 
It's still raining, so watch for combined sewer overflows on Newtown Creek till 3:41 PM
@JasonAd65352257 Nice!
PATS nation RED SOX nation and the rest of the world have a nice, good, great and fun day,GETTING READY for work anâ€¦ 
Lying down and boom, new Louis CK special
Ayo i tried this canada dry green tea ginger ale shit SCHLAPS
@BostonGlobe Is She Bringing Rothschild&amp;BIS Owner Family Printing Presses,and Passing out Their "Script" to represeâ€¦ 
Much ro leasrn from Ken Stein's "The June 1967 War: How it changed Jewish, Israeli, and Middle Eastern History," 
Threatened to. Be killed by CIA NSA today! Now!
bouta buy this instead of dropping another 200 
FREE: 3 pairs lightly used socks (Times square) @  #trashnothing
Well if I learned one thing tonight it's "fuck it" ğŸ˜‚ğŸ˜‚ @jaderoberta8
Bridge closed in #AreaOfStatenIslandCrossingsGoethalsBrS.i. on I-278 WB between The Goethals Br Staten Island Sid... 
Just posted a photo @ New York, New York 
can't sleep ğŸ¤•
ğŸ’œğŸ’›ğŸ’™ğŸ’šâ¤ï¸ Love love love this #LoveWall #Love #Nolita #NycArt #NycGraffiti #StreetArt #LoveWins 
That's me 4:30 in morning lol 
It's still raining, so watch for combined sewer overflows on Thurston Basin till 3:00 AM tomorrow
hmm i felt a lil drowsiness creepin in better dip before I'm schleep on the TL
@JamesKennedyUK Why, thank you!ğŸ‘§
"..Waters was declared â€œthe newest hero of the anti-Trumpâ€ movement.."

"Stupid is as Stupidâ€¦ 
How it looks by Stuyvesant Plaza off Western Ave:  
Lmao go to sleep yo 
Winchester Science  
@My_Taylorx3 Hi, If you are interested to hire a resource to work on your project remotely, we would be happy to asâ€¦ 
.@AskCapitalOne Look! Hyundai has joined Mercedes-Benz. Get on board and say no to harassment too! 
From beginning to end great first game and win 11-0 over Park Ridge. 
Today I am going to take the first step to acknowledging my childhood dream
Y'all some fronters 
One day..... #ultimatedreams 
Cleared: Closure on #GeorgeWashingtonBridge EB at New York Side/Lower Level
Cleared: Closure on #GeorgeWashingtonBridge EB at New York Side/Lower Level
Updated advisory for Westchester Creek: watch for combined sewer overflows until 3:41 AM tomorrow ğŸŒŠ
@MoBilli28 Hi, Please follow me back so that we can discuss about your requirements via DM.
Off-ramp blocked in #Queens:OnTheCrossIslandPkwy on The Cross Island Pkwy NB at The Throgs Neck BR #traffic 
Good morning to all Check it out  we do homes apt Office...  
Idk if u want my typa honesty. 
Incident on #I278 WB at Grand Central Parkway 
Incident on #I95NewEnglandThruway NB from Before Exit 20 (I-95) - Rye (Rte 1) to Exit 20 (I-95) - Rye (Rte 1) 
Incident on #I95NewEnglandThruway NB from Before Exit 20 (I-95) - Rye (Rte 1) to Exit 20 (I-95) - Rye (Rte 1) 
Incident on #I278 WB at Grand Central Parkway 
@jacinta398 Hi, If you are interested to hire a resource to work on your project remotely, we would be happy to assâ€¦ 
Beautiful ğŸŒ¸ğŸŒºğŸŒ¸ #MuralOnMott @Ouizi  #SpaceNkUsa #graffiti #nycstreetart #streetart #nyc #nycgraffiti 
Signed @girlonfireagent paperwork up! April 3, 2017 it's official. Let make it happen, YES!â€¦ 
never thought id be in a situation like this in a million years


I'm determined to keep my focus on the children. And I'm not gonna stop. #autismawareness


I'm determined to keep my focus on the children. And I'm not gonna stop. #autismawareness
@lmabeyofficial Hi Lee Mabey, Kindly share your exact requirements here - 
RD AQUI VOY.....DR HERE I COME...
SANTO DOMINGO HAY QUE LINDO.. @ John F. Kennedy Internationalâ€¦ 
#BeforeTheApocalypseIMust I must realize that my reality is a direct result of my mindset, so if I keep talking about doom...well shucks.
@HappyElishas @theranchnetflix Thank
Cleared: Construction on #LincolnTunnel WB
Syria is the biggest shit show. We cant support/trust anyone. We can't get boots on the ground.. take the L #fb 
I feel this 100% 
#breaking death toll in Russia subway bombing rises to 14 
@conflenti @LouZambrana waddup!!
Aww congrats Lee Junki and Jun Hyebin. The other Oh Haeyoung has finally succeeded in finding her own Dokyung oppa lol
@BabeBubby That's me, help. Lol ğŸ˜‚ 
It's #nationalhuganewspersonday I cannot wait!! @fredontv @SuzanneBoyd @JulieDurda @MaryCalviTV ğŸ™Œ #amnewsers
Cleared: Closure on #LincolnTunnel WB from New York Side - North Tube to New Jersey Side - North Tube
Incident on #US19 NB at North of Bergen Blvd 
Cleared: Closure on #LincolnTunnel WB from New York Side - North Tube to New Jersey Side - North Tube
Incident on #I278 EB at Exit 28A - Old Fulton Street; Cadman Plaza  West 
Incident on #US19 NB at North of Bergen Blvd 
Incident on #I278 EB at Exit 28A - Old Fulton Street; Cadman Plaza  West 
@Kevinrenaud15 hope you are happy now
Between @MadMen_AMC and @LegionFX, I might be the biggest sucker ever for unexpected song &amp; dance bits.
âœ¨Iâ€™ve been trying to tell yâ€™all, itsâ€™s not your circumstances or situation, that determines ifâ€¦ 
#BudgetSongs How do I pay - Usher
@Simonunger Hi, We would be happy to assist you. Our portfolio:  Share your details to leads@openwavecomp.com
Good Tuesday..Late Night Early start..The Madness never ends,I'm Up Putting in Work..Dips,Karate Stretches,Boxing..  Let's Go   WORKOUT
Update: Incident on #ALine at Canal Street Station 
Update: Incident on #ALine at Canal Street Station 
Update: Incident on #ALine at Canal Street Station 
@RangerBoard my profile on the composer of the original Power Rangers theme: 
Have you read this? Fascinating book. Thank you @MumsnetBooks I'm rereading this :) 
Mercedes, Hyundai pull out of 'O'Reilly Factor' pe... 
Soooo... I've been working on a website ( - LINK IN BIO) so regular folks couldâ€¦ 
Have a nice and loving relationship ğŸ˜˜ I like both of them a lot
Cleared: Construction on #HollandTunnel WB from New York Side - North Tube to New Jersey Side - North Tube
Cleared: Construction on #HollandTunnel WB from New York Side - North Tube to New Jersey Side - North Tube
Update: Incident on #PortJeffersonBranch at Hicksville Station 
Update: Incident on #ThrogsNeckBridge Both directions at Queens Side 
Update: Incident on #ThrogsNeckBridge Both directions at Queens Side 
Update: Incident on #PortJeffersonBranch at Hicksville Station 
Federal judge blocks Pence's Indiana law requiring... 
@Communism_Kills Clearly you're reading on a phone and I respect you for having burners just for reading the Daily Mail.
Do Seas Make Us Sick? Surfers May Have the Answer  via @nytimes
@FLOTUS So you Want to be #FLOTUS and you Want to Be Left Alone, coming this Fall on @FXNetworks 
@lovell_mar Hi, We would be happy to assist you. Can you please share your exact requirement details here: 
@TheJuanWilliams @thehill @realDonaldTrump You are a Joke Juan &amp; disgrace to @FOXNEWS  You try to put a spin on legâ€¦ 
Cleared: Incident on #M8Bus WB from E 9th Street:1st Avenue to E 9th Street:2nd Avenue
Cleared: Incident on #M8Bus WB from E 9th Street:1st Avenue to E 9th Street:2nd Avenue
@SheriffClarke @MJBodary Sheriff...
How could you not mention 'beauty?!?'
Since "Moochele" [@MichelleObama] we needâ€¦ 
I voted for @erikajayne &amp; @Gleb_Savchenko #DWTS #teamprettyxxpensive 

I realize I am blocked because I am used to only one kind of experience. The trick is to go beyond that and create something new.
My life is far less entertaining in real life than my social media makes it seem
@ekurutepe Hi, Kindly share your requirements via - 
I voted for @HeatherMorrisTV &amp; @MaksimC #DWTS #TeamMaksimumHeat 
@HowIBuiltThis @PowerRangers And here's the inside-baseball story of the man who composed the Power Rangers theme: 
Creepy! 
#Soprano  Cemetery scene
I voted for @viallnicholas28 &amp; @PetaMurgatroyd #DWTS #TeamBabyGotBach 

Wonderfulï¼I'm green to the software indeed . 
Update: Construction on #M2Bus SB at Broadway:W 168th Street 
Update: Construction on #B6Bus EB at New Lots Avenue : Ashford Street 
Update: Construction on #B6Bus EB at New Lots Avenue : Ashford Street 
Update: Incident on #LTDBus at Broadway:W 168th Street 
Update: Incident on #M3Bus at Broadway:W 168th Street 
Update: Incident on #B84Bus at New Lots Avenue : Ashford Street 
Flooding, caution in #Bergen on Rt 1-9 NB at Rt-1 #traffic 
Closed in #Queens:OnTheB.q.e on I-278 WB between Astoria Blvd and 30th Ave #traffic 
@_bymari Hi Marisha, Mobile App techies here.Our PF â˜  Email to â˜ leads@openwavecomp.com  â˜ +1(212) 209 1537
Good Morning &amp; hope that you enjoy your Day!

Nostalgia Mets past. Gil Hodges in 1969. last inning of 1986 game 6 &amp;â€¦ 
I voted for @bonner_bolton &amp; @SharnaBurgess #DWTS #teamdenimNdiamonds 

Maker of EpiPen hit with recall, racketeering suit over price-gouging 
I want real drugs
Unless you're tipping in cash... 
Wind 0.7 mph W. Barometer 30.03 in, Steady. Temperature 50.2 Â°F. Rain today 0.00 in. Humidity 80%
Why would it be advisable for me to dial #FacebookPhonenumber:- 1-850-792-2491?

He looks white to me ğŸ˜• 

What is Microsoft Customer Service1-850-366-6203?
#SupportforMicrosoft,#MicrosoftSupport,#SupportPhonenumber
@DrMaleekk what you up to Dr Maleek
Cleared: Closure on #NewJerseyTurnpikei95 NB from US 46 to Exit 71 (NB) - NJ 4/Broad Ave
Cleared: Closure on #NewJerseyTurnpikei95 NB from US 46 to Exit 71 (NB) - NJ 4/Broad Ave
Update: Construction on #NewJerseyTurnpikei95 NB from US 46 to North of Exit 69 - I-80 
Update: Construction on #NewJerseyTurnpikei95 NB from US 46 to North of Exit 69 - I-80 
Is #FacebookHelp 1-850-366-6203 error-free? Expertâ€™s team for you

@FiveRights @starrtraveler29 @MSNBC they are animals. Call themselves new reporters . Actually they are the lowest scum of the earthğŸ˜ ğŸ˜ ğŸ˜ 
@conflenti @LouZambrana yeah me too...i gotta peeğŸ˜‚ğŸ˜‚ğŸ˜‚
Concrete jungle where dreams are made of, There nothing you can't do,
These streets will makeâ€¦ 
Jabrill peppers is OVERRATED
@ZieIsPsycho don't entertain someone who thinks a black card has a look
4 a.m. thoughts: Why does beef tartare look like a molded puck of vomit? Someone pls inform me whether or not it tastes better than it looks
the fact that the GitS director had to change the original story just to explain why Scarlett Johansson is white......
("...instead of being an obligation and competition to be â€œreadyâ€ for college and careers.") 
our flight doesn't board for another 2 hours and there's not a single coffee place open I hope I die
It's more like June today! Temps 20 degrees warmer than normal. @highbarshirtco High today 80! Rain comes in tomorrâ€¦ 
it must suck to have a trash rapper bf, gotta be forced to share his SoundCloud links :(
my mind be all over the place
Boss up. ğŸ’‹
@AMother1stt We have a solid team of developers who build apps for both iOS and Android. Please inbox details to leâ€¦ 
Awesome idea. Also, I only read the headline. 
#goodmorning timeline!
@NigerianOdin Yes, we can certainly help you in developing your dream app. Our PF â˜  Email tâ€¦ 
@LouZambrana @conflenti and we can't wait to hear it!! lol
I posted a snap saying I want sarku japan but I'm broke and my mom came in my room w 20 dollars &amp; told me to go buy sarku japan I love her
@HlomelaL But you brought it up. But yes. We lie about almost being done
Great day at UA
Cleared: Construction on #HuntersPointAvenue Both directions from Greenpoint Avenue to 27 Street
Cleared: Construction on #HuntersPointAvenue Both directions from Greenpoint Avenue to 27 Street
Cleared: Construction on #LexingtonAvenue SB from 52 Street to 66 Street
Cleared: Construction on #LexingtonAvenue SB from 52 Street to 66 Street
Wow I really podiated the whole dayğŸ˜´
i been tryn find ur heart, i'm still trying
why am i not Blake Lively
I like this she broke this down into steps!!!!ğŸ”¥ğŸ”¥ğŸ”¥ğŸ”¥ 
The #personalinjury attorneys you can trust providing comfort and legal service 

Is #GmailHelp really reliable 1-850-366-6203?
You just lost a man that loves you with all his heart and soul and wants nothing more than to share a happy life with you. Minus the trolls.
I can't go to sleep without knowing if my laundry is done drying why am I like this
@united You have taken the biggest L of 2017. So it's cool to beat up paying customers now 'cuz seats were filled up? Accommodations, no?
MY PLAYSTATION!!!
#6ixdiciplez #WinnersRoundHere #Winners @ New York 
I can't do it myself, too weak
Two weeks I've been havin' ups and downs
Going through peaks and valleys
#diabetic #t1d Cannabis Coach Quit Smoking Marijuana Audio Program: Cannabis Coach Quitâ€¦  #type1diabetes #diabetes
#diabetic #t1d Easyquit System.: Easyquit System. Quit Smoking Quickly And Easily, Withoutâ€¦  #type1diabetes #diabetes
Legendary and Iconic moment for the real tv daytime show even though is not the same!!!!ğŸ”§ğŸ”§ğŸ”§ğŸ”§ 
#diabetic #t1d Quit Smoking In 21 Days: Quit Smoking In 21 Days New High Quality Smokingâ€¦  #type1diabetes #diabetes
Ladies ladies ladies, if you look like you're getting it in the booty hole while wearing heels, you probably shouldn't be wearing them
@sovesove We have filled the form and waiting to hear back
She thick ğŸ™„ 
Dilly-dallyin' around with the idea of endin' the shit right here
I'm hatin' my reflection
I walk around the house tryin' to fight mirrors
Omg yesssss 
I feel like professors shouldn't even be allowed to require any type of work from me since I'm a senior... like how dare you assign this.
#diabetic #t1d Get A New Life: Quit Marijuana Now: Get A New Life: Quit Marijuana Now Thisâ€¦  #type1diabetes #diabetes
@Peggynoonannyc congratulations Peggy! So well deserved. And I'm still proud to have ripped wire copy for you for all those radio hourlies.
@GeniousSubjects We would be happy to assist you on remote work. Let us know so that we can discuss further via DM.â€¦ 
Ladies ladies ladies, if you look like you're getting it in the bootyhole whilst wearing heels, you probably shouldn't be wearing them....
@ThePaulButcher How was #FateOfTheFurious #FastAndFurious8

How much time experts will take after making a call at #FacebookPhonenumber:- 1-850-792-2491?
@Jedi_Pite_Br;Every thing this,planet fear something,or somee one,esp.taught of death,even S.B.poop allova themselves unknown to others...
#4: Radical Candor: Be a Kick-Ass Boss Without Losing Your Humanity 
#2: She Means Business: Turn Your Ideas into Reality and Become a Wildly Successful Entrepreneur 
#10: The Upstarts: How Uber, Airbnb, and the Killer Companies of the New Silicon Valley Are Changing the World 
#1: Gameplan: The Complete Strategy Guide to Go from Starter Kit to Silver 
#9: The Like Switch: An Ex-FBI Agent's Guide to Influencing, Attracting, and Winning People Over 
#10: The Life-Changing Magic of Tidying Up: The Japanese Art of Decluttering and Organizing 
#8: Will the Real You Please Stand Up: Show up, Be Authentic, and Prosper in Social Media 
#5: Real Estate Encyclopedia 
#3: The 7 Habits of Highly Effective People: Powerful Lessons in Personal Change 
#6: The New Entrepreneurz: Changing the Way You Play Life 
@FredoSAUCE70 ur snoring SO bad rn and I'm seriously thinking about all the ways I can kill u in ur sleep xoxo still love u tho bby
What's even bothering me about the video were the ppl unbothered ... if that happened to u, &amp; others simply watched.. how tf would u feel?
@vnuek FASCINATING.
NOW I JUST NEED SOMEONE 2 TELL ME WHAT MY DREAMS MEAN !
BEEN HAVING SOME DOOSIES LATELY ğŸ˜´ğŸ˜³ğŸ¤”
@ThePaulButcher How was the #FateOfTheFuriousÂ  #FastAndFurious8
Selfie it is. ğŸŒŠ 
Want to Reset Gmail Password 1-850-366-6203
#Gmailresetpassword
#GmailPasswordRecovery

it's truly a shame you went this far ... charmbracelet is an entry into Mariah's life at the time ... to disrespectâ€¦ 
Today was a good day
Am I permitted to give a ring at #FacebookPhonenumber:- 1-850-792-2491?

@conflatetx Hi, we have vast experience in building excellent apps for iOS.Our work:  Email:â€¦ 
Druming for first time in Prospect Park with a snare drum Western African music 
I'm awake as fuck watching "The 5 Heartbeats"
@bchannell_ They beating people up sis lmao
Cleared: Closure on #BatteryParkUnderpass SB from West Street to FDR Drive
Cleared: Closure on #BatteryParkUnderpass SB from West Street to FDR Drive
Update: Special Event on #GeorgeWashingtonBridge EB at New Jersey Side/Lower Level Toll Plaza 
#unitedairlines GL recovering from this one.
FINDING OSCAR is the moving story of an investigation into a massacre that found finding something extraordinary 
@prtkdkff Hi, are you looking for app developers?
Spread love today.
You busted,90's album stans... TEOM is her best album thinking ass dusty mariah fans will LEARN TO PUT SOME RESPECT ON CHARMBRACELET
@KalinaRyu @BangBrosDotCom why she don't do bbc no interracial from her? no brothas in any of her scenes
@MsMystiq Hi, We can help you in building your website at reasonable price. Portfolio:  Emaiâ€¦ 
Crip 
Cleared: Construction on #I87MajorDeeganExpressway NB from West 225th Street to West 234th Street
Cleared: Construction on #I87MajorDeeganExpressway NB from West 225th Street to West 234th Street
Cleared: Construction on #NewYorkExpresswaydyerAvenue SB from 39th ST. to 37th ST.
I need a vacation...
Smoking thoinky oinky, you know I got that thoinky on me
When your dearly beloved crush sings you to sleep ğŸ˜ŒğŸ’¯ğŸ†ğŸ¶
"I dont date broke people" - Poor people. 
It's a very clear night out.
I can't wait for Siesta KeyğŸ˜ğŸ˜­
I'm at @PlanetFitness in Jamaica, NY 
Butthurt  @saltwaterc much? Reading is fun-to-mental. Great example @ReillyGuillermo. Do remember...everyone is a câ€¦ 

How to #Recover #Gmail #Password with the help of phone number 1-850-366-6203?
But if the Spirit of him that raised up Jesus from the dead dwell in you, he that raised up Christ from theâ€¦

Butthurt much @saltwaterc? Reading is fun-to-mental. Great example @ReillyGuillermo. Do remember...everyone is a crâ€¦ 
Soulja boy talking about smackin niggas with his hunnid thirty thousand dollar kilo chain better than any bedtime story ever written.
Do you see the North Star! North-East from the moon. 
We now have police brutality extending on airlines.. can't even fly in peace ğŸ™„ #unitedairlines just chow your L abeg
Unless you went to a school that doesn't have uniform 
@Siya_Phungula @LoftySuave Hi Siya, we can definitely help you in building your dream app at an affordable price. Pâ€¦ 
U can't even count ME out, that's how bad this curriculum is. #Core #React
@StrayaFreedoms Hi....are you in search of app designers &amp; developers? We are here and happy to assist you in developing your dream app
Join the The TJX Companies team! See our latest #job opening here:  #Retail #WoodbridgeTownship, NJ #Veterans
deleted over 50 people on facebook lmao lmao im working up to deleting everyone and keeping it as a way to login to spotify
Yeah I bet I'd be smiling too if I messed with someone for years and then met up with his girl to fuck with him even more. He's loving it.
What kind of article is that?? What kind of society IS this, really??
@MyKaylaKayden lovvveee you thanks 4 the follow ğŸ˜ğŸ˜ğŸ˜
This morning's female fitness person who I follow is bmoore0132.
bmoore0132
bmoore0132â€¦ 
Update: Incident on #I87NYSThruway SB from After Exit 21 (I-87) - Catskill (Rte 23) to Exit 21 (I-87) - Catskill...
Update: Incident on #I87NYSThruway SB from After Exit 21 (I-87) - Catskill (Rte 23) to Exit 21 (I-87) - Catskill...
Another day another well earned dollar ğŸ’µ dress to impress. Have a wonderful day today and enjoyâ€¦ 
clear sky -&gt; fog
temperature down 59Â°F -&gt; 55Â°F
humidity down 87% -&gt; 55%
wind 10mph -&gt; 5mph
@ArchibaldKgomo a glow.
755 West End Avenue, Manhattan 
What are the pros of #FacebookHelp 1-850-366-6203?

I hate this hospital
Green grass, green bleacher. #throgsneck #suburbs #iphonesia #focus #nyc #nypix @ Throgs Neckâ€¦ 
#blessedğŸ™ @ Hudson River Park 
I swear my body has no idea what sleep is

How to get Microsoft Help1-850-366-6203?
#SupportforMicrosoft,#MicrosoftSupport,#SupportPhonenumber

Who is #GmailHelp team 1-850-366-6203?
Can you see the North Star? It's north-east diagonally from the moon.  That's Polaris - the one trustworthy star. 
Text 6468942956
lmk why i'm still up and got a job interview in like 8 hours ya boy dumb af
Rich pple dont make money their priority in relationships. Theres money..so they need love n affection. Broke people on the other hand....ğŸ˜Š
Oomf. It was so sad. 

Also, dis why I ain't take Rea out of the DM's ğŸ˜‚âœŠğŸ¼ 
Cant sleep ğŸ˜ª
Accident in #Queens:OnTheGrandCentralParkway on The Grand Central Pkwy WB at Kew Gardens Interchange #traffic 
i also want to mail something to someone because i obv dont want to meet up but i also dont know how to ask for their address so
I need a good forum to write a blog. Does anyone have a recommendation? Then I can stop posting here.
Cleared: Construction on #I78 WB from Exit 33 - CR 525/Liberty Corner Rd/Martinsville to Exit 29 - I-287/US 202/US 206
Cleared: Closure on #I78 WB at Exit 29 - I-287/US 202/US 206
@XyIoids yeah after this chall
Cleared: Construction on #I78 WB from Exit 33 - CR 525/Liberty Corner Rd/Martinsville to Exit 29 - I-287/US 202/US 206
Cleared: Closure on #I78 WB at Exit 29 - I-287/US 202/US 206
*backspacing out of a DM* hours.....
Them: where you from?
 Me: Brooklantami
Them: what state that in?
Me: Georg York-ida
I need answerssssss !!!!!! Why the fuck did Alex shoot himself !!!!! If anything I thought Justin was going to shoot himself sooooo confused
@Kenvoo7267 We are specialized in designing &amp; developing mobile apps at an affordable price. PFâ€¦ 
This morning's male fitness person who I follow is @dannyvdiezel.
@dannyvdiezel 
@dannyvdiezelâ€¦ 
I dare someone say "but he shouldn't have resist...." ğŸ™ƒ #UnitedAirlinesBoycott
A07104 [NEW] Exempts from sales and use taxes certain motor vehicles, parts and services therefor and railroad ro... 
@draiochta14 @traceymfs Will Ron and the kids be joining you for spring break and the holidays?
ğŸ˜hate waking up feeling sick
Shon got this nappy headed boy in the front seat.. I dead don't like him
@XyIoids playing ecstatic rn and havent started
Now this is vile. Wow. Where's the humor ? Wow. 
ever say my gov out in public you getting slapped up
Cleared: Construction on #NewJerseyTurnpikei95 NB from US 46 to North of Exit 69 - I-80
Cleared: Construction on #NewJerseyTurnpikei95 NB from US 46 to North of Exit 69 - I-80
When Jerry, Elaine, George and Kramer don't show up for lunch, and you've got shit toâ€¦ 
So many things to do in such a little time.
@mattdaly Hi Matt, we can definitely help you in making your app. Kindly share your app requirements to leads@openwâ€¦ 
I do want a lifetime with you but if you can't even trust me and take my word before someone like that then it won't work out.
@Faurly Hi, If you are interested to hire a resource to work on your project remotely, we would be happy to assistâ€¦ 
I'm exactly where I dreamed. 
5Pointz Graffiti Artists Whose Works Were Erased Will Get Day in Court  - Very Good!
&amp; he sound like his balls didn't drop yet ğŸ™„ğŸ˜‚
Cleared: Incident on #7Line at 42nd Street-Times Square Station
Cleared: Incident on #7Line at 42nd Street-Times Square Station
Cleared: Incident on #7Line at 42nd Street-Times Square Station
You just got cancelled
@JelonnaRae Hi Jelonna, Lets discuss your app idea here - 
#NYCmissed Met you on the train to NJ - m4w (NJ/NYC) 
#NYCmissed You talk to me when I'm with my coworkers - m4w (The Levee) 
#NYCmissed O who used to live in Brooklyn - m4w 
#NYCmissed Still 
Let me not be mean since this is her "friend" or whatever

Add an animated GIF to an email in a few steps via #Gmail #Help 1-850-366-6203
@HighTechJoe @jarron Hi Joe, are you in search of iOS app developers? reach our expertise @ 
How can I install #HpPrinterDriver Dial 1-850-366-6203 For HP Support

Just saw it yesterday since then lol. Someone replied it. U good hun? 
@southbama_1 Hi, We are here to help you with your Website Design. Our Portfolio:  Share youâ€¦ 
#Medical 
#Degrees

Not discrediting the work he's done but he didn't like my question. I asked Him WHY he didn't bâ€¦ 
This morning's male fitness person who I follow is @dannyvdiezel.
@dannyvdiezel 
@dannyvdiezelâ€¦ 
If I'm your man and your lover then my word matters, not some random so-called fan that is really just a guy trolling me for years.
Cleared: Construction on #I495 WB at Exit 22A - Grand Central Parkwy
Cleared: Construction on #I495 WB at Exit 22A - Grand Central Parkwy
Bullshit ğŸ˜‚ğŸ˜‚ğŸ˜‚ 
@jzellis Was enlightened when in Japan &amp; my then 2yr old broke my glasses. Got a pair there &amp; it was "Wait? It can'â€¦ 
@WyomingREAgent @GetNoticedTheme Hi, If you are interested to hire a resource to work on your project remotely, weâ€¦ 

What are the positive points of #GmailHelp 1-850-366-6203?
@WyomingREAgent Hi, If you are interested to hire a resource to work on your project remotely, we would be happy toâ€¦ 
What is #FacebookHelp 1-850-366-6203?


Why should I dial #FacebookPhonenumber:- 1-850-792-2491?
big music for the rest of the world ike - SoundCloud - Listen to ike by ikefriday #np on #SoundCloud

The always amazing Andrew and wine tonging!
#elevenmadisonpark #relaischateaux #newyorkcity #nycâ€¦ 
Please... Get this off my desk. It doesn't make any sense. #amwriting #archives 
@I_AMShaya Hi, If you are interested to hire a remote web designer, we would be happy to work with you. Our portfolâ€¦ 
Buying some #pawpatrol episodes on @iTunesTV right now. Love you #pawpatrol and @SpinMaster!

How to get Microsoft Help1-850-366-6203?
#SupportforMicrosoft,#MicrosoftSupport,#SupportPhonenumber
No F's given. @Noahsyndergaard is god playing a boy's game ğŸ”¥ğŸ”¥ğŸ”¥ 
And, most importantly love you #pawpatrolmarshall and #pawpatrolchase
Omg i missed @tommymckissock live! This is why I don't do hw 
beer ketchup 
NYC radio is ? I need an answer to express wat be goin on!
@Fan_Of_FRIZ @SourceJenn It is. They showed when he covered it up with the cloth too. #friz
my dog is so cute and if u think otherwise, ur the ugly one
@realDonaldTrump @POTUS @PressSec @IvankaTrump @jaredkushner #SAD the emperor has no clothes.  Neither does his famâ€¦ 
@bennydiego @United Yes but it's policy to offer free tickets or cash, not physically harm and beat passengers.
Let me try this sleep thing
Helping vietnamese students at Hoa Sen University sell on Amazon, Walmart, Ebay, Google.â€¦ 
@bennydiego THAT is illegal and their policy DOES NOT cover that.
Anyone still up ğŸ˜
Tempo Deads today.... this is gonna be wild
RT IF YOU'RE BLACK &amp; CAN RELATE 
Every #TuesdayNight @ #jhcc - #evening 5~7pm #women &amp; #kids #club &amp; 7~9pm #chai &amp; #chat / #thrive #study on #Philippians! @hankrizy #queens!
@bennydiego And this was far beyond kicking passengers off, this was brute force leading to physical harm. That isâ€¦ 
Happy birthday to my big brother in heaven, shit ain't been the same since you left.
@THE_KURZE Yes, we can certainly help you in developing your dream app. Our PF â˜  Email to â˜ leads@openwavecomp.com
@GAMBIN0_GIRL225 @tommymckissock I never sleep at night. My body hates it lol
Cant really blame you tho! U cant afford to be so broke and have another broke nigga taking ur lil change, peace of mind and youth.ğŸ˜
#TravelTuesday The train bound for Spring. This is an iconic image of Juyongguan, Beijing. You can view the blossomâ€¦ 
@samiKIP We are Experts in â˜ Mobile App Development services in NYC. Our PF â˜ Email to â˜ leads@openwavecomp.com
@realDonaldTrump @POTUS ha ha! The "real" you! 
@AMatthiesen @coreydu Yes, please!  ğŸ« #Pudding in #NewYork 
@_cz We are Experts in â˜ Mobile App and Web Development services in NYC. Our PF â˜ Email to â˜ leads@openwavecomp.com
Sad life!ğŸ˜­ğŸ˜­ 
Manhattan, 4:18am
.
.
#manhattan #empirestatebuilding #newyork #newyorkcity #skyline #nightskyâ€¦ 
@tonyayomichael Hi Anthony, lets connect and discuss your idea in detailed here - 
"87 Front Street"  enjoy 30% off all  products all day today with Promotion Code: 0012280363
@buddah @cardi @ike living life - SoundCloud - Listen to living life by ikefriday #np on #SoundCloud

A Great Colour Correction Tutorial for Capture One    # ThePhotographyGeek
@IamDEELISHIS she's sweet 
Every #Tuesday #evening &amp; #night @ #jhcc from 5 to 9pm - #location #64Woodside #Laundromat #huge #Basement! Join us! =D @hankrizy #queens ^^
its getting light outside so imma go get a store sandwich and while i walk over there, drink my alcoholic seltzer, pop a kpin and smoke
@oaikomo Hello,fri do you need the off grid solar inverter now?
My #veryshortgayflim vol 3 #tribecafilmfestival #ifc #tsofd #igflims #davitv #zacefronâ€¦ 
@NCIS_CBS can you please sign into  so AMERICA can join the new silk road from jeffretymorris1985@gmail.com
I want a girl before I reach my peek, ain't tryna have no bitch with me for the money
THE HOPE OF GLORY ABIDES IN YOU. ALL IS WELL. 
S02749 [NEW] Requires that all cash registers newly installed which are customarily used by a business dealing wi... 
In the belly of the Beast. @ National September 11 Memorial &amp; Museum 
@smitty_one_each Sir Mix-a-Lot?! I like cultural appropriation. How about that Canadian weirdo, Snow?
Listen to Too many in the wolfpack! by ikefriday #np on #SoundCloud
 ladies
If we are poor I'll question her. Whats my biz if we are rich?ğŸ¤” 
The very real problem of The Homeless Student. 
Cleared: Construction on #HarlemRiverDrive NB at George Washington Bridge
Cleared: Construction on #HarlemRiverDrive NB at George Washington Bridge
Moving to jersey this month and buying my first car. This should be interesting
Are you willing to get #FacebookHelp 1-850-366-6203?

Finally Gona be away from fuck niggas in dyckman lol
I hope my neighbor has a fire daughter ğŸ˜‚
See our latest #NewYork, NY #job and click to apply: SOUS CHEF, PM -  #Hospitality #Hiring 

What are the pros of Microsoft Phone Number1-850-366-6203#SupportforMicrosoft,#MicrosoftSupport,#SupportPhonenumber
@timkmak Sure gassing children seems like it could go either way.  Definitely need a court to sort that out. *YesSarcasm* Dumbass
@Tests4geeks_HR @eigentone11 Professional mobile app developers here who have expertise in Objective-C/iOS. Get RFPâ€¦ 
Bitchhhhh ğŸ˜‚ğŸ˜‚ğŸ˜‚ğŸ˜­ğŸ˜­ğŸ˜­ğŸ˜­ğŸ˜­ğŸ˜­ 
@peterdrysdale1 Seriously. Every year my co-worker (who is obsessed with stuff like this) tells me inductees, and Iâ€¦ 
Any and everyone should honestly check out @taracannistraci live this Friday at the HA! Comedyâ€¦ 
@elseif_net We specialize in Developing Native Mobile Apps (iOS and Android)! Our Portfolio â˜ â˜ (212) 209 1537
I'm not in to buying followers
How To get #HpSupport Help ? Dial now 1-850-366-6203

Cleared: Closure on #LincolnTunnel WB from New York Side - North Tube to New Jersey Side - North Tube
Cleared: Closure on #LincolnTunnel WB from New York Side - North Tube to New Jersey Side - North Tube
@Rev_PreJean Hi Rev, We specialize in Developing Native Mobile Apps (iOS and Android)! Our Portfolio â˜â€¦ 
[
"Sergioâ€™s Win Had Nothing toDo with Seveâ€™s Birthday!"
 
Who's awake
@thetoolsman We are specialized in Developing Native Mobile Apps (iOS and Android)! Our Portfolio â˜ â˜ (212) 209 1537
@peterdrysdale1 @JHolmsted @uncriticalsimon Plus if his dad hadn't killed JFK and all...he would have had it.
#Yeccch ....
iOS GAMING: AirWingsÂ® 

@MarkDFW We are specialized in design and Developing Native Mobile Apps (iOS and Android)! Our Portfolio â˜â€¦ 
@seunghaku We would be happy to assist you on remote work. Let us know so that we can discuss further via DM. PF:â€¦ 
#TightTushyTuesdayğŸ‘ğŸ‘ @Linda_Durbesson toprankrepost #TopRankRepost When you think you look coolâ€¦ 
Cleared: Incident on #AtlanticCityExpressway WB at Exit 28 - NJ 54
Cleared: Incident on #AtlanticCityExpressway WB at Exit 28 - NJ 54
@OUGOfficial Reach our expertise @ 
So cruel - Shame on #unitedAIRLINES 
Cell phone and watch currently conversing with one another.
That is all.
If your mind can conceive it, you can achieve it. #3Dprinting #lostwaxcasting #oldworldcraftsmanship meetsâ€¦ 
Honestly if Bayern go on to the semi finals Iâ€™m kinda ok with that only because of Carlo.
@StephenInk Hi Stephen, Please visit our portfolio:  if you're interested please send us youâ€¦ 
I'm actually feeling happy today for some reason.
@cahulaan Trump has made no such assertion.
Bridge closed in #AreaOfStatenIslandCrossingsGoethalsBrS.i. on I-278 WB between The Goethals Br Staten Island Sid... 
I'm thanking god that my sister is alive ğŸ™ğŸ¼ğŸ˜â¤ï¸
clear sky -&gt; fog
temperature down 59Â°F -&gt; 55Â°F
humidity up 55% -&gt; 58%
wind 9mph -&gt; 8mph
@Miss_EmilyMay Hi Emily, iOS app developers here. How may we help you with?


What should I do for #GmailHelp 1-850-366-6203?
Hi @united. Have upcoming trip with you. Want refund after learning how savagely customers are "re-accommodated" #BoycottUnitedAirlines
@DLAMB_1 Hi....are you in search of app designers &amp; developers? We are here and happy to assist you in developing your dream app
'extroverts' is now trending in #NY

 
316 West 97th Street, Manhattan 
Wow my phone is really refusing to turn on ğŸ™ƒğŸ™ƒ
@hello_clarisa Yes, we can certainly help you in developing your dream app. Our PF â˜  Emailâ€¦ 
I can't wait for July. I want to go to Jamaica nowwwwww
Why am I just now getting back in the crib from playing basketball ğŸ¤¦ğŸ½â€â™‚ï¸
[
"Spicer: Trumpâ€™s Not Scrapping the Tax Cuts"

#draintheswamp
#MAGAâ€¦ 
Ball is life
cant wait to be back around the people i love
temperature down 55Â°F -&gt; 52Â°F
wind 5mph -&gt; 11mph
@tweetbraille Yes, we can certainly help you in developing your dream app. Our PF â˜  Email tâ€¦ 
Good  Morning   ğŸ˜˜
@devonveillette Hi....are you in search of app designers &amp; developers? We are here and happy to assist you in developing your dream app
Just woke up from a dream where I ate 4 plates at a Chinese buffet. Life can be so cruel
Cleared: Construction on #NY27 WB from Exit 44 - Brentwood Road to Exit 43 - 5th Avenue; CR 13
Cleared: Construction on #NY27 WB from Exit 44 - Brentwood Road to Exit 43 - 5th Avenue; CR 13
Can't make you see the truth. You will believe what you want to believe.
Today, in 1982, a twister touches down in a town everybody in the world knows by name: #Paris. In #Texas. 
This shit a routine
Up deep conditioning my hair for the next 2 hours
"Our love has gone cold and it doesn't feel anything when i hold uâ€¦ 
Why u think most girls ask you what u do for a living?

They just tryna screen you out on salary basis first. 
@Kurosai_ Girl knock it off you know you can't have this
[
"Syrian Refugee Thanks Trump, Bashes Obama, Shocks CNN"
 
where are my lady followers? how are  doing!?ğŸ’¨ğŸ’¨ğŸ’¨ğŸ’¨ğŸ’¨ğŸ’¨
'13 Reasons Why' on Netflix - had to take a break. I ordered the book instead, and can't wait to start reading on Thursday.
A04765 [NEW] Provides for an increased personal income tax deduction for medical expenses incurred by a New York ... 
BEATS BEATS BEATS BEATS BEATS BEATS BEATS BEATS BEATS BEATS BEATS BEATS BEATS BEATS BEATS !!!BEATS BEATS BEATS !!!!BEATS BEATS BEATS !!!
@RussianEmbassy @laeomtweets @LouiseMensch @funder @POTUS Putin is a murderous pussy.  Fact.  Fact 2: that meme wasâ€¦ 
Spirit God don't need slaves/require humans=bow to him,Satan does via,his wiles&amp;invention,does a good  father&amp;mother enslave their children
I should just go buy a new phone tomorrow, but im trying to stop my compulsive buying problem soğŸ™„
Any and everyone should honestly see this live show Friday at the HA! Comedy Club in Ridge Hill!â€¦ 
My most popular videos on YouTube ğŸ˜‚ can ya please make my music more relevant than crackheadsâ€¦ 
Can you recommend anyone for this #job in #NewYork, NY?  #Sales #Hiring
The Eye of Ra #eyeofra #eyeofrah #bigbrotherwatchingyouâ€¦ 
I love this thread ğŸ˜­â™¥ï¸ 
Tweeting while on the treadmill &amp; watching railroad DVD, that's how I roll #TuesdayMotivation #workoutmotivation #lifeisgood #me
Domar Musgrave (1944) can be used to demonstrate that SS equity investment equivalent to symmetric tax on ERP. 
@RussianEmbassy @laeomtweets @LouiseMensch @funder @POTUS Fact 4, Trump and Putin talked response. Trump told Putinâ€¦ 
@imsuperemilee Hi, we are specialized in mobile app designing and development.Our PF â˜  Emaiâ€¦ 
The life of a 20-something cancer patient: Bumps along the road of life :  Please check out my new post! Thanks!!
I can't fuck with any girl that doesn't ride for my music, and everything i've created. This is the most important part of me.
it's been giving me problems for a minute now and I'm tiredt!
@maciejkierna @AndroidDev @androidstudio We build excellent iOS/Android apps remotely! Our Portfolio â˜â€¦ 
Lucky you 
@micheldar3 love to so juicy lovable Sweet mmm yes drink the warm milk then after you can milk yes love stick is hard and ready ho Sweet
SO to terminal 8 at JFK blasting prime Phil Collins at 4:38 am.
@peterdrysdale1 @JHolmsted @uncriticalsimon Did y'all know he can bend spoons with his mind?
@g_livesfordance Just book @JetBlue their new planes w. The touch screen tv, music , movie guide is amazing. Moviesâ€¦ 
@PhilJackson11 pursue a deal of LT, KO'Q, &amp; Kuz for Faried, &amp; Mudiay &amp; swap of 1st rd picks we draft Justin Jackson.

2017/04/29: Brooklyn, NY, United States: Infinite Dance Party!  
@StephenHarper95 We build excellent #Androidapps! Our recent work:  Please inbox details toâ€¦ 
This 
is this what tweeting at 4am is like?

(I'm guilty as charged ğŸ•Š) 
@BlissTabitha This was horrible; infuriating.
@sleezyst3v3 Yes, we can certainly help you in developing your dream #app.Our PF â˜  Email toâ€¦ 
#NewUnitedAirlinesMottos go fuck your self #united
@toggleModal Yes, we can certainly help you in developing your dream app. Our PF â˜  Email to â˜ leads@openwavecomp.com
i be refreshing all my apps late night hoping someone posts some shit so i can waste my time but I end up wasting time regardless
Cleared: Construction on #X1Bus at 8th Street:Broadway
Update: Construction on #SouthernStateParkway EB from Exit 14 - Fletcher Avenue EB to Exit 18 - Eagle Avenue 
Cleared: Construction on #X1Bus at 8th Street:Broadway
Cleared: Incident on #X10Bus at 8th Street:Broadway
Cleared: Incident on #X10Bus at 8th Street:Broadway
Cleared: Incident on #X17Bus at 8th Street:Broadway
Cleared: Incident on #X17Bus at 8th Street:Broadway
Update: Construction on #SouthernStateParkway EB from Exit 14 - Fletcher Avenue EB to Exit 18 - Eagle Avenue 
@reaperhussle Yes, we can certainly help you in building your dream #app. Our PF â˜  Email toâ€¦ 
Coffee â˜•ï¸ #FeelingGood
I carry a shotgun because a shell don't jam
For what? 
@peterdrysdale1 @JHolmsted @uncriticalsimon No, for some reason my laptop thinks my apartment is in Massachusetts sâ€¦ 
Lol puhlease!ğŸ˜‚ğŸ˜‚ 
@rudylara512 @moove_it We are specialized in design and Developing of Native Mobile Apps (iOS and Android)! Our Porâ€¦ 
@ArmyofKek @Phucktrump2 @RussianEmbassy @LouiseMensch @funder @POTUS There is a lot of evidence actually. But Stupiâ€¦ 
@BlissTabitha The people who did this should have criminal charges against them.
Russia KNEW about Syrian gas attack in advance -  
Cleared: Incident on #M55Bus from Broadway:10th Street to Broadway:Houston Street
Cleared: Incident on #M55Bus from Broadway:10th Street to Broadway:Houston Street
Cleared: Construction on #I495 WB from Exit 26 - Francis Lewis Boulevard - EastBound Only to Exit 25 - Utopia Parkway / 188th Street
Cleared: Construction on #I495 WB from Exit 26 - Francis Lewis Boulevard - EastBound Only to Exit 25 - Utopia Parkway / 188th Street
Cleared: Construction on #GrandCentralParkway WB at Exit 10 - I-495 Long Island Expressway
Cleared: Construction on #GrandCentralParkway WB at Exit 10 - I-495 Long Island Expressway
Cleared: Construction on #GrandCentralParkway WB from Exit 11 - Jewel Avenue; Ramp to Exit 10 - I-495 Long Island Expressway
Cleared: Construction on #GrandCentralParkway WB from Exit 11 - Jewel Avenue; Ramp to Exit 10 - I-495 Long Island Expressway
Cleared: Construction on #I278 EB from Wythe Avenue to Metropolitan Avenue; Williamsburg Bridge
Cleared: Construction on #I278 EB from Wythe Avenue to Metropolitan Avenue; Williamsburg Bridge
Cleared: Incident on #X1Bus from Broadway:10th Street to Broadway:Houston Street
Cleared: Incident on #X1Bus from Broadway:10th Street to Broadway:Houston Street
Cleared: Incident on #X10Bus from Broadway:10th Street to Broadway:Houston Street
Cleared: Incident on #X10Bus from Broadway:10th Street to Broadway:Houston Street
Cleared: Incident on #X17Bus from Broadway:10th Street to Broadway:Houston Street
Cleared: Incident on #X17Bus from Broadway:10th Street to Broadway:Houston Street
Cleared: Incident on #X28Bus from Broadway:10th Street to Broadway:Houston Street
Cleared: Incident on #X28Bus from Broadway:10th Street to Broadway:Houston Street
Cleared: Incident on #X37Bus from Broadway:10th Street to Broadway:Houston Street
Cleared: Incident on #X37Bus from Broadway:10th Street to Broadway:Houston Street
Cleared: Incident on #X38Bus from Broadway:10th Street to Broadway:Houston Street
Cleared: Incident on #X38Bus from Broadway:10th Street to Broadway:Houston Street
@_MinoruKun_ Request for proposal - 
 Out Now!! 
Watch The Full Video &amp; #Subscribe #RT  
I was never here for a Janet &amp; Mariah collab... if Janet ain't turning mariah out on the track I don't want it ğŸ˜­ğŸ˜­ğŸ˜­ğŸ˜­ğŸ˜­ğŸ˜­ğŸ˜­ğŸ˜­
@ArmyofKek @SouffleOfTheDay @Phucktrump2 @RussianEmbassy @LouiseMensch @funder @POTUS Feel free to contact my frienâ€¦ 
A night a the Opera #aida #verdi #nyc #cultural @ The Metropolitan Opera 
'13 Reasons Why' on Netflix - Had to take a break. I ordered the book and can't wait to start reading on Thursday.
Hard work will ALWAYS pay off. #TakesTime
Ima come back to va this week only for my battle then I'm coming right back
@peterdrysdale1 @JHolmsted @uncriticalsimon It often does this in the middle of the night. I have no explanation for it.
@RealPhilWalker Lemme practice on you for free, we don't even have to be together ğŸ˜­
oh i havent listened to wtnv is so long, that'll be fun while walking 6 blocks to the decent deli in utter darkness
Ok. With all of our technical advances, why is there an overbook flight.
#unitedAIRLINES
beautiful situation when it's planned out nicely 
@BlissTabitha @TuckerCarlson - The Lottery by Shirley Jackson - very appropriate. We must have gone to the same high school. LOL
@realDonaldTrump @POTUS "We will not go away, welcome to your 81st day!" #Resist #Persist #Investigateâ€¦ 
Mercury Retrogade can't touch me.
Just posted a photo @ Yonkers, New York 
Is keithonetimethurman the king of 147?ğŸ¥ŠğŸ¥Š @ New York, New York 
@juleszapata Yes! #Wings, #pepperoni, #bacon, #hotdogs. Except #steak - medium always
Snake charmer flees after tourist dies from cobra bite; video  via @YahooSports
These new accomplishments &amp; acknowledgements these days I just... ğŸ™ƒğŸ™ƒğŸ™ƒ 
It's #barbershopquartetday first 4 are IN! @MaryCalviTV @AlexDenisTV @fredontv @JulieDurda @SuzanneBoyd @NicoleNalepaTV @HeidiVoight
@peterdrysdale1 @uncriticalsimon @JHolmsted Take buses? I've heard of that. ğŸ˜‰
â¤ï¸I DO I DO I DOğŸ˜ACTUALLY I DID I DID I DIDâ¤ï¸LONG TIME AGO~IN THE NATURAL REALM U WOULD HAVE CALLED ME A CHILD BRIDâ€¦ 
So jus call me whenever you're lonely
@camilacabello97 im actually awake you know its 4:45am and please tell me to go to sleep ğŸ˜„ i love you
Sooo, I chose to go #socialmediadark on Monday... #Thor #ThorRagnorak #MCU #makeminemarvel #Ragnarok #Mjolnir #mcocâ€¦ 
We are professional manufacturer of steel structure projects, once we received the draft drawing. welcome to websitâ€¦ 
@GloriaChapa1 @WeatherGeoff @FitzyWeatherTV @CPersichette @DunkinDonuts with the app $1.99 for medium Ice coffee -â€¦ 
@nyc311 My father is in delicate condition sick.
Phone 347 993 8030 
literally 
Today was a very interesting day ..
Strawberries @ New York, New York 
@Omachee_ Hi, If you are interested to hire a remote website designer, we would be happy to work with you. Our portâ€¦ 
@DaniloMedina My father is in delicate condition sick.
Phone 347 993 8030 
Volume push day.

Let's go.
Update: Construction on #X1Bus Both directions at Broadway and Houston Street 
Update: Construction on #X1Bus Both directions at Broadway and Houston Street 
ğŸ¦‡ With apologies to these two fine Citizens, just wanted to say, #HappyNationalSiblingsDay to my only family, Alfreâ€¦ 
kurt eichenwald is a buffalo bill like serial killer and no one can tell me any different 
#motivationmonday, What's up FitFam? This is a late post of my Back &amp; Shoulders! This is Part 5 of the video! #backâ€¦ 
So I got an all clear from the surgeon who operated on my shoulder yesterday.

Feels great to have that past me.
@warkin Yeah if you are dumb enough to enable your Smart TV with a webcam. Otherwise you're fine.
Stoked for #Coachella2017
Cleared: Construction on #I495 EB from Exit 59 - Ocean Avenue; CR 93 to Exit 61 - Patchogue Holbrook Road; CR 19
Cleared: Construction on #GrandCentralParkway WB from 102nd Street to 94th Street
Cleared: Construction on #GrandCentralParkway WB from 102nd Street to 94th Street
Cleared: Construction on #I495 EB from Exit 59 - Ocean Avenue; CR 93 to Exit 61 - Patchogue Holbrook Road; CR 19
Cleared: Closure on #GrandCentralParkway WB from 102nd Street to Exit 6  - 94th Street
Cleared: Closure on #I495 EB at Exit 61 - Patchogue Holbrook Road; CR 19
Cleared: Closure on #I495 EB at Exit 61 - Patchogue Holbrook Road; CR 19
Update: Construction on #Q69Bus SB at Queens Plaza South : 42nd Road 
Cleared: Construction on #BronxwhitestoneBridge SB at Queens Bound
Cleared: Closure on #GrandCentralParkway WB from 102nd Street to Exit 6  - 94th Street
Update: Construction on #Q69Bus SB at Queens Plaza South : 42nd Road 
Damn clasmates noises me
But it still aches sometimes in the morning.

Today it's making bench a little rough.

Probably won't push it.
[
"Rush TV Review: Liberal Lunacy Took Over Homeland"
 
Special parking restrictions in force in New York City #traffic 
Naturally on the one day this week I can sleep in I wake up at 4am.
NAH IM SCREAMING 
@fay_xiu_li I'll make it up lol.
@WhiteHouse My father is in delicate condition sick.
Phone 347 993 8030 
Join the Trump Hotels team! See our latest #job opening here:  #BusinessMgmt #NewYork, NY #Hiring
Update: Construction on #M101Bus Both directions at Lexington Avenue:E 68th Street 
Update: Construction on #M101Bus Both directions at Lexington Avenue:E 68th Street 
Update: Incident on #M102Bus at Lexington Avenue:E 68th Street 
Update: Incident on #M102Bus at Lexington Avenue:E 68th Street 
Update: Incident on #M103Bus at Lexington Avenue:E 68th Street 
Update: Incident on #M103Bus at Lexington Avenue:E 68th Street 
@XXL Nice!! he's overdue.. Hope u can take a sec to watch the new video on my wall.. It's worth it.. I'm coming 2017 #stg
YANKEES &gt; REDSOX
@JHolmsted @peterdrysdale1 @uncriticalsimon Did you hear about that dead bat someone found in their salad? Trump did it.
@TeamTrump My father is in delicate condition sick.
Phone 347 993 8030 
This HUNGRY SLUT IS BACK IN NYC. Dr said rest for a month... sleep late. Orgies. Breed this bitch: find this hungryâ€¦ 
NYC &gt; BOSTON
@realDonaldTrump My father is in delicate condition sick.
Phone 347 993 8030 
Update: Construction on #B6Bus EB at New Lots Avenue : Ashford Street 
Update: Construction on #B24Bus NB at Greenpoint Avenue : West Street 
#after is now trending in #NY

 
Update: Incident on #B6Bus at New Lots Avenue : Ashford Street 
Update: Construction on #B6Bus EB at New Lots Avenue : Ashford Street 
Update: Incident on #B6Bus at New Lots Avenue : Ashford Street 
Update: Incident on #LTDBus at New Lots Avenue : Ashford Street 
Update: Incident on #LTDBus at New Lots Avenue : Ashford Street 
Update: Incident on #B15Bus at New Lots Avenue : Ashford Street 
Update: Incident on #B84Bus at New Lots Avenue : Ashford Street 
Update: Construction on #B24Bus NB at Greenpoint Avenue : West Street 
@USAgov My father is in delicate condition sick.
Phone 347 993 8030 
#ohp is now trending in #NY

 
@JudicialWatch My father is in delicate condition sick.
Phone 347 993 8030 
No sleep till 6 I guess?
@LaCasaBlanca My father is in delicate condition sick.
Phone 347 993 8030 
Unlike the incident on Sunday night, Robert Shiller went quietly.  @Nouriel @RobertJShiller @MarketWatch
@USSupremeCourt My father is in delicate condition sick.
Phone 347 993 8030 
Harlem could NEVER fuck wit Coney Island !! This nigga cam tried to get a lie off lol @ Coneyâ€¦ 
@SCOTUSOpinions My father is in delicate condition sick.
Phone 347 993 8030 
Uhhhhh a new episode would come out on my Bday #Ztwinz #bdaysherranigans  #Sherrodbelike #April24 #turnup 
244 Riverside Drive, Manhattan 
@HRC My father is in delicate condition sick.
Phone 347 993 8030 
Lmfaoooooooooooooo 
@hrw_espanol My father is in delicate condition sick.
Phone 347 993 8030 
There is a puddle of sink water covering the back of my store currently #ManagerOfTheYear
Closure on #OgdenAvenue Both directions from Sedgwick Avenue to 162nd Street 
Closure on #OgdenAvenue Both directions from Sedgwick Avenue to 162nd Street 
Bathing in the evil of moonlight
I also have photos from my trip to Japan if you'd like me to share 
framing it around the zach n franco bit makes it funnier 
@WeatherGeoff @GloriaChapa1 @FitzyWeatherTV @CPersichette @DunkinDonuts first you need the Dunkin app - #technology
@JHolmsted @peterdrysdale1 @uncriticalsimon *sloooowly crosses Austin off my list of "Places to Go!"*
just finished 13 reasons why and balled my eyes out, im shook
The fact that I had to wake up at 3:30 this morning to go to work makes me incredibly sad.
A07156 [NEW] Relates to requiring the small business revolving loan fund to target and market to veteran-owned en... 
Like why you calling me lmfaooo talking about he need to vent lmaoooo
@AKuutio Undoubtedly - which is why its widespread existence is something of  a surprise. Or maybe COBOL was better than was understood
ICYMI:  Why Yellen's comments were important though little about prospects for June move or the balance sheet.
Seeâ€¦ 
I'm at John F. Kennedy International Airport in Queens, NY, NY 
Funny how the mind works to connect the dots... Now might be a good time to discuss some seriously messed up plans.â€¦ 
Haven't been to sleep yet
Cleared: Construction on #FranklinDRooseveltDrive SB from East 37th Street to East 34th Street
Cleared: Construction on #FranklinDRooseveltDrive SB from East 37th Street to East 34th Street
Cleared: Construction on #I87MajorDeeganExpressway SB from Exit 11 - Van Cortlandt Extension Park South to Exit 10 - West 230th Street
Cleared: Construction on #I87MajorDeeganExpressway SB from Exit 11 - Van Cortlandt Extension Park South to Exit 10 - West 230th Street
Uh oh making announcements asking for volunteers to check their carry on bags, hope nobody tackles me and drags me off the plane.
G'morning...â˜€ï¸#HappyTuesday
#AWGIUâ„¢ #AWGIUFamâ„¢ @ Harlem 
Shout out my brother @letnemspin no lie wasn't expecting u to play this back to back to back toâ€¦ 
Jenna, @sexykobie1 is now trending in #NY

 
Scammer Acting Like a Fool u have 2 see this @kfrancis217 @SuperStupidPoop 
Yeahhh _______________!!! You know who you are!ğŸ˜†ğŸ˜¡ğŸ˜¬ #Sherrodbelike #TaurusSeason #dontcomeforne #bitchesbeware 
Scammer Acting Like Fool theses ppl are so weird  #Youtube
Travel Tuesday's: In a society that profits from your self doubt, loving yourself is a rebellious act. Love yourself â¤ï¸
On my way to Work.âœŒğŸ¾âœŒğŸ¾
Closed due to accident in #StaffordSprings on Ct-32 SB between Spellman Rd and Rt. 319 #traffic 
2v2 Chall IW PS4
@XyIoids link
Dont ask me what I do for a living if u have no job!! Thanks. ğŸ˜ğŸ˜
